month,town,flat_type,block,street_name,storey_range,floor_area_sqm,flat_model,lease_commence_date,remaining_lease,resale_price,remaining_lease_years,price_per_sqft,storey_mid
2017-04,TAMPINES,5 ROOM,156,SIMEI RD,04 TO 06,121.0,Improved,1989,70 years 10 months,555000.0,70.83333333333333,426.12592643039534,5.0
2017-06,TAMPINES,EXECUTIVE,105,SIMEI ST 1,01 TO 03,154.0,Maisonette,1988,69 years 09 months,680000.0,69.75,410.22161257391986,2.0
2018-05,BEDOK,3 ROOM,401,BEDOK NTH AVE 3,04 TO 06,67.0,New Generation,1979,60 years 01 month,295000.0,60.083333333333336,409.05109436420497,5.0
2018-06,BEDOK,4 ROOM,52,NEW UPP CHANGI RD,04 TO 06,84.0,Improved,1977,58 years 03 months,350000.0,58.25,387.09637461019395,5.0
2018-08,TAMPINES,4 ROOM,240,TAMPINES ST 21,10 TO 12,104.0,Model A,1984,65 years,508000.0,,453.7960576199504,11.0
2018-11,TAMPINES,4 ROOM,841,TAMPINES ST 83,01 TO 03,90.0,Simplified,1986,66 years 07 months,380000.0,66.58333333333333,392.25765960499655,2.0
2019-01,BEDOK,3 ROOM,75,BEDOK NTH RD,10 TO 12,59.0,Improved,1978,58 years,269500.0,,424.3626018608024,11.0
2019-09,BEDOK,3 ROOM,520,BEDOK NTH AVE 1,01 TO 03,67.0,New Generation,1979,58 years 11 months,255000.0,58.916666666666664,353.58653919617717,2.0
2021-02,TAMPINES,5 ROOM,120,SIMEI ST 1,07 TO 09,128.0,Improved,1988,66 years 05 months,580088.0,66.41666666666667,421.0311782903966,8.0
2021-05,TAMPINES,5 ROOM,298,TAMPINES ST 22,07 TO 09,121.0,Improved,1985,62 years 11 months,512500.0,62.916666666666664,393.49466179383353,8.0
2021-08,TAMPINES,3 ROOM,879A,TAMPINES AVE 8,10 TO 12,68.0,Model A,2017,94 years 11 months,445000.0,94.91666666666669,607.9690118877752,11.0
2021-08,TAMPINES,5 ROOM,523C,TAMPINES CTRL 7,04 TO 06,113.0,Improved,2015,93 years 01 month,673000.0,93.08333333333331,553.308021478217,5.0
2021-09,BEDOK,3 ROOM,21,CHAI CHEE RD,10 TO 12,65.0,Improved,1972,49 years 11 months,303000.0,49.916666666666664,433.0715132562047,11.0
2022-03,BEDOK,4 ROOM,52,CHAI CHEE ST,07 TO 09,98.0,New Generation,1981,58 years 03 months,430000.0,58.25,407.6361822425716,8.0
2022-10,TAMPINES,5 ROOM,731,TAMPINES ST 71,04 TO 06,125.0,Improved,1997,73 years 10 months,625000.0,73.83333333333333,464.5156495322328,5.0
2022-12,TAMPINES,3 ROOM,883,TAMPINES ST 84,10 TO 12,74.0,Model A,1988,64 years 07 months,420000.0,64.58333333333333,527.2880346041561,11.0
2023-01,BUKIT MERAH,4 ROOM,70A,TELOK BLANGAH HTS,10 TO 12,93.0,Model A,2017,93 years 06 months,855000.0,93.5,854.1094201076538,11.0
2023-01,BUKIT MERAH,4 ROOM,90B,TELOK BLANGAH ST 31,10 TO 12,93.0,Model A,2018,95 years,868000.0,,867.0958791268345,11.0
2023-01,BUKIT MERAH,4 ROOM,10A,BOON TIONG RD,01 TO 03,92.0,Model A,2016,92 years 01 month,790000.0,92.08333333333331,797.7551372401389,2.0
2023-01,BUKIT MERAH,4 ROOM,127A,KIM TIAN RD,34 TO 36,93.0,Model A,2013,89 years 02 months,935000.0,89.16666666666667,934.0260909949196,35.0
2023-01,QUEENSTOWN,4 ROOM,18A,HOLLAND DR,40 TO 42,92.0,Model A,2012,88 years 09 months,1050000.0,88.75,1060.307460888792,41.0
2023-02,TAMPINES,EXECUTIVE,329,TAMPINES ST 32,04 TO 06,149.0,Apartment,1995,71 years 11 months,825000.0,71.91666666666667,514.3965246497879,5.0
2023-02,QUEENSTOWN,4 ROOM,29,GHIM MOH LINK,22 TO 24,93.0,Model A,2018,94 years 04 months,925233.0,94.33333333333331,924.2692644379706,23.0
2023-02,BEDOK,3 ROOM,39,BEDOK STH RD,04 TO 06,67.0,New Generation,1978,54 years 08 months,348000.0,54.666666666666664,482.5416299618418,5.0
2023-02,BUKIT MERAH,4 ROOM,3,DELTA AVE,04 TO 06,91.0,New Generation,1985,61 years 08 months,670000.0,61.666666666666664,684.0120553551559,5.0
2023-03,CENTRAL AREA,4 ROOM,639,ROWELL RD,01 TO 03,109.0,Model A,1983,59 years 07 months,655000.0,59.583333333333336,558.2711017313991,2.0
2023-03,BUKIT MERAH,4 ROOM,102,BT PURMEI RD,01 TO 03,108.0,Model A,1984,60 years 03 months,620000.0,60.25,533.3327827962672,2.0
2023-03,QUEENSTOWN,4 ROOM,87,DAWSON RD,16 TO 18,83.0,Premium Apartment,2016,92 years 05 months,905000.0,92.41666666666669,1012.9799104257124,17.0
2023-03,BUKIT MERAH,4 ROOM,90A,TELOK BLANGAH ST 31,25 TO 27,93.0,Model A,2018,94 years 10 months,940000.0,94.83333333333331,939.0208829253736,26.0
2023-04,BUKIT MERAH,4 ROOM,62,TELOK BLANGAH HTS,10 TO 12,98.0,New Generation,1976,52 years 06 months,584000.0,52.5,553.6268149527018,11.0
2023-04,BUKIT MERAH,4 ROOM,63B,LENGKOK BAHRU,04 TO 06,90.0,Model A,2001,77 years 07 months,770000.0,77.58333333333333,794.8378891995983,5.0
2023-04,QUEENSTOWN,4 ROOM,31,GHIM MOH LINK,22 TO 24,93.0,Model A,2018,94 years 03 months,930000.0,94.25,929.0312990644657,23.0
2023-05,CENTRAL AREA,4 ROOM,1E,CANTONMENT RD,43 TO 45,93.0,Type S1,2011,86 years 09 months,1270000.0,86.75,1268.6771503353457,44.0
2023-05,QUEENSTOWN,4 ROOM,91,DAWSON RD,10 TO 12,97.0,Premium Apartment Loft,2016,91 years 11 months,1000000.0,91.91666666666669,957.7642258396552,11.0
2023-05,BUKIT MERAH,4 ROOM,13,JLN BT MERAH,07 TO 09,106.0,Model A,1996,72 years 07 months,750000.0,72.58333333333333,657.3334663191973,8.0
2023-05,CENTRAL AREA,4 ROOM,8,TG PAGAR PLAZA,25 TO 27,83.0,Improved,1980,56 years 01 month,745000.0,56.083333333333336,833.889539521719,26.0
2023-05,BEDOK,3 ROOM,20,CHAI CHEE RD,04 TO 06,65.0,Improved,1972,48 years 03 months,335000.0,48.25,478.8084387486091,5.0
2023-07,QUEENSTOWN,4 ROOM,28B,DOVER CRES,40 TO 42,88.0,Model A,2012,87 years 10 months,865000.0,87.83333333333333,913.1955382849576,41.0
2023-07,CENTRAL AREA,4 ROOM,1B,CANTONMENT RD,28 TO 30,95.0,Type S1,2011,86 years 07 months,1320000.0,86.58333333333333,1290.8645418579945,29.0
2023-08,BUKIT MERAH,4 ROOM,83,REDHILL LANE,01 TO 03,107.0,Model A,1996,72 years 04 months,770000.0,72.33333333333333,668.5552339062041,2.0
2023-08,QUEENSTOWN,4 ROOM,18,DOVER CRES,04 TO 06,92.0,Model A,2003,79 years 01 month,685000.0,79.08333333333333,691.7243911512596,5.0
2023-08,BUKIT MERAH,4 ROOM,105A,DEPOT RD,01 TO 03,92.0,Model A,2017,93 years 04 months,768000.0,93.33333333333331,775.5391713929451,2.0
2023-08,CENTRAL AREA,4 ROOM,8,TG PAGAR PLAZA,22 TO 24,83.0,Improved,1980,55 years 10 months,750000.0,55.833333333333336,839.4861136124689,23.0
2023-08,BUKIT MERAH,4 ROOM,95A,HENDERSON RD,34 TO 36,93.0,Model A,2019,94 years 11 months,1080000.0,94.91666666666669,1078.8750569780889,35.0
2023-08,BUKIT MERAH,4 ROOM,13,CANTONMENT CL,13 TO 15,90.0,Model A,2003,78 years 06 months,908888.0,78.5,938.2059992712266,14.0
2023-09,BUKIT MERAH,4 ROOM,80A,TELOK BLANGAH ST 31,07 TO 09,95.0,Premium Apartment,2013,89 years,880000.0,,860.5763612386628,8.0
2023-10,BUKIT MERAH,4 ROOM,127A,KIM TIAN RD,22 TO 24,93.0,Model A,2013,88 years 04 months,951000.0,88.33333333333333,950.0094251723727,23.0
2023-10,QUEENSTOWN,4 ROOM,32,GHIM MOH LINK,04 TO 06,93.0,Model A,2018,93 years 08 months,933000.0,93.66666666666669,932.028174222738,5.0
2023-10,BUKIT MERAH,4 ROOM,95A,HENDERSON RD,31 TO 33,83.0,Model A,2019,94 years 08 months,938000.0,94.66666666666669,1049.917299424661,32.0
2023-10,CENTRAL AREA,4 ROOM,233,BAIN ST,19 TO 21,82.0,Improved,1980,55 years 08 months,700000.0,55.666666666666664,793.0754992013731,20.0
2023-11,QUEENSTOWN,4 ROOM,86,DAWSON RD,28 TO 30,87.0,Premium Apartment,2016,91 years 10 months,970000.0,91.83333333333331,1035.8165058534846,29.0
2023-11,BUKIT MERAH,4 ROOM,90A,TELOK BLANGAH ST 31,22 TO 24,93.0,Model A,2018,94 years 02 months,880000.0,94.16666666666669,879.0833797599244,23.0
2023-11,BUKIT MERAH,4 ROOM,50,TELOK BLANGAH DR,04 TO 06,98.0,New Generation,1978,53 years 08 months,618000.0,53.666666666666664,585.8585130835098,5.0
2023-11,QUEENSTOWN,4 ROOM,22,GHIM MOH LINK,22 TO 24,92.0,Model A,2013,88 years 06 months,850000.0,88.5,858.3441350052127,23.0
2023-11,QUEENSTOWN,4 ROOM,184,STIRLING RD,19 TO 21,94.0,Model A,2000,76 years 02 months,875000.0,76.16666666666667,864.7897730653269,20.0
2023-12,BUKIT MERAH,4 ROOM,75B,REDHILL RD,22 TO 24,100.0,Model A,2005,81 years 01 month,960000.0,81.08333333333333,891.8700471018869,23.0
2023-12,BUKIT MERAH,4 ROOM,23,JLN MEMBINA,07 TO 09,90.0,Model A,2003,78 years 08 months,900000.0,78.66666666666667,929.0312990644657,8.0
2023-12,BUKIT MERAH,4 ROOM,40,JLN RUMAH TINGGI,13 TO 15,100.0,Model A,1997,72 years 07 months,768888.0,72.58333333333333,714.3210174750789,14.0
2023-12,BUKIT MERAH,4 ROOM,8A,BOON TIONG RD,07 TO 09,100.0,Model A,2005,80 years 10 months,830000.0,80.83333333333333,771.0959782235064,8.0
2024-01,CENTRAL AREA,4 ROOM,663,BUFFALO RD,10 TO 12,82.0,Improved,1982,57 years 05 months,540000.0,57.416666666666664,611.8010993839164,11.0
2024-01,BUKIT MERAH,4 ROOM,92B,TELOK BLANGAH ST 31,22 TO 24,93.0,Model A,2018,94 years,915000.0,,914.0469232731032,23.0
2024-01,BUKIT MERAH,4 ROOM,56,TELOK BLANGAH HTS,07 TO 09,91.0,New Generation,1976,51 years 08 months,580000.0,51.666666666666664,592.1298389641648,8.0
2024-01,BUKIT MERAH,4 ROOM,126C,KIM TIAN RD,22 TO 24,93.0,Model A,2013,88 years 02 months,935888.0,88.16666666666667,934.9131660417682,23.0
2024-01,QUEENSTOWN,4 ROOM,23B,QUEEN'S CL,07 TO 09,89.0,Improved,1973,48 years 05 months,500000.0,48.416666666666664,521.9276961036323,8.0
2024-01,BUKIT MERAH,4 ROOM,90B,TELOK BLANGAH ST 31,04 TO 06,93.0,Model A,2018,93 years 11 months,888000.0,93.91666666666669,887.0750468486509,5.0
2024-01,BUKIT MERAH,4 ROOM,57,TELOK BLANGAH HTS,04 TO 06,91.0,New Generation,1976,51 years 09 months,575000.0,51.75,587.0252713868875,5.0
2024-01,QUEENSTOWN,4 ROOM,61B,STRATHMORE AVE,25 TO 27,94.0,Model A,2011,86 years 07 months,920888.0,86.58333333333333,910.1423137583804,26.0
2024-01,QUEENSTOWN,4 ROOM,23,GHIM MOH LINK,10 TO 12,87.0,Model A,2013,88 years 04 months,888000.0,88.33333333333333,948.252636286489,11.0
2024-01,CENTRAL AREA,4 ROOM,8,TG PAGAR PLAZA,16 TO 18,83.0,Improved,1980,55 years 04 months,755000.0,55.333333333333336,845.0826877032187,17.0
2024-01,QUEENSTOWN,4 ROOM,31,GHIM MOH LINK,04 TO 06,93.0,Model A,2018,93 years 05 months,845000.0,93.41666666666669,844.1198362467455,5.0
2024-01,QUEENSTOWN,4 ROOM,28B,DOVER CRES,13 TO 15,88.0,Model A,2012,87 years 02 months,808000.0,87.16666666666667,853.0196473228275,14.0
2024-01,BUKIT MERAH,4 ROOM,27A,JLN MEMBINA,07 TO 09,90.0,Model A,2008,84 years 01 month,870000.0,84.08333333333333,898.06358909565,8.0
2024-01,BUKIT MERAH,4 ROOM,119C,KIM TIAN RD,13 TO 15,92.0,Model A,2003,78 years 05 months,860000.0,78.41666666666667,868.4423012993917,14.0
2024-02,CENTRAL AREA,4 ROOM,1C,CANTONMENT RD,04 TO 06,94.0,Type S1,2011,85 years 11 months,1130000.0,85.91666666666667,1116.8142212157936,5.0
2024-02,QUEENSTOWN,4 ROOM,129,CLARENCE LANE,16 TO 18,105.0,Model A,1996,71 years 06 months,1000000.0,71.5,884.7917133947291,17.0
2024-02,QUEENSTOWN,4 ROOM,48,STRATHMORE AVE,13 TO 15,90.0,Model A,2006,81 years 11 months,855000.0,81.91666666666667,882.5797341112423,14.0
2024-02,CENTRAL AREA,4 ROOM,53,CHIN SWEE RD,04 TO 06,77.0,Improved,1974,49 years 06 months,500000.0,49.5,603.267077314588,5.0
2024-02,QUEENSTOWN,4 ROOM,29,GHIM MOH LINK,10 TO 12,93.0,Model A,2018,93 years 04 months,985000.0,93.33333333333331,983.9740102994608,11.0
2024-02,QUEENSTOWN,4 ROOM,28,GHIM MOH LINK,04 TO 06,93.0,Model A,2013,88 years 03 months,820000.0,88.25,819.145876594475,5.0
2024-02,QUEENSTOWN,4 ROOM,86,DAWSON RD,40 TO 42,83.0,Premium Apartment,2016,91 years 06 months,1080000.0,91.5,1208.8600036019552,41.0
2024-02,QUEENSTOWN,4 ROOM,22,GHIM MOH LINK,25 TO 27,93.0,Model A,2013,88 years 03 months,1030000.0,88.25,1028.9271376735478,26.0
2024-02,BUKIT MERAH,4 ROOM,113,BT PURMEI RD,01 TO 03,103.0,Model A,1984,59 years 10 months,560000.0,59.833333333333336,505.1043956078648,2.0
2024-02,BEDOK,4 ROOM,187A,BEDOK NTH ST 4,04 TO 06,93.0,Model A,2018,93 years 11 months,740000.0,93.91666666666669,739.2292057072091,5.0
2024-02,BUKIT MERAH,4 ROOM,93A,TELOK BLANGAH ST 31,22 TO 24,93.0,Model A,2018,93 years 11 months,899000.0,93.91666666666669,898.06358909565,23.0
2024-02,QUEENSTOWN,4 ROOM,23,DOVER CRES,07 TO 09,88.0,Improved,1976,51 years 05 months,485000.0,51.416666666666664,512.0229318707566,8.0
2024-03,CENTRAL AREA,4 ROOM,26,JLN BERSEH,13 TO 15,87.0,Improved,1979,54 years 04 months,600000.0,54.333333333333336,640.7112407341141,14.0
2024-03,QUEENSTOWN,4 ROOM,61A,STRATHMORE AVE,04 TO 06,96.0,Model A,2011,86 years 06 months,905000.0,86.5,875.8055475555639,5.0
2024-03,BUKIT MERAH,4 ROOM,9B,BOON TIONG RD,25 TO 27,92.0,Model A,2016,90 years 11 months,1188000.0,90.91666666666669,1199.662155748462,26.0
2024-03,CENTRAL AREA,4 ROOM,661,BUFFALO RD,07 TO 09,82.0,Improved,1982,57 years 03 months,555000.0,57.25,628.795574366803,8.0
2024-03,QUEENSTOWN,4 ROOM,61A,STRATHMORE AVE,19 TO 21,98.0,Model A,2011,86 years 06 months,950000.0,86.5,900.5915654196349,20.0
2024-03,BUKIT MERAH,4 ROOM,48,LENGKOK BAHRU,10 TO 12,84.0,Simplified,1986,61 years 05 months,610000.0,61.416666666666664,674.6536814634809,11.0
2024-03,CENTRAL AREA,4 ROOM,232,BAIN ST,07 TO 09,82.0,Improved,1980,55 years 03 months,700000.0,55.25,793.0754992013731,8.0
2024-03,CENTRAL AREA,4 ROOM,1A,CANTONMENT RD,46 TO 48,97.0,Type S1,2011,85 years 10 months,1370000.0,85.83333333333333,1312.1369894003276,47.0
2024-03,BUKIT MERAH,4 ROOM,47,LENGKOK BAHRU,04 TO 06,103.0,Model A,1984,59 years 05 months,650000.0,59.416666666666664,586.2818877591287,5.0
2024-03,CENTRAL AREA,4 ROOM,642,ROWELL RD,19 TO 21,111.0,Model A,1984,58 years 11 months,788888.0,58.916666666666664,660.2717508615929,20.0
2024-03,BUKIT MERAH,4 ROOM,25A,JLN MEMBINA,13 TO 15,90.0,Model A,2008,83 years 07 months,970000.0,83.58333333333333,1001.2892889917016,14.0
2024-03,BUKIT MERAH,4 ROOM,127D,KIM TIAN RD,19 TO 21,93.0,Model A,2013,88 years,938000.0,,937.022966153192,20.0
2024-03,QUEENSTOWN,4 ROOM,168A,QUEENSWAY,04 TO 06,84.0,Improved,1974,49 years 04 months,431000.0,49.333333333333336,476.6815355914103,5.0
2024-03,CENTRAL AREA,4 ROOM,1G,CANTONMENT RD,31 TO 33,95.0,Type S1,2011,85 years 10 months,1350000.0,85.83333333333333,1320.2023723547668,32.0
2024-03,BUKIT MERAH,4 ROOM,90A,TELOK BLANGAH ST 31,01 TO 03,93.0,Model A,2018,93 years 10 months,850000.0,93.83333333333331,849.1146281771996,2.0
2024-03,CENTRAL AREA,4 ROOM,53,CHIN SWEE RD,04 TO 06,77.0,Improved,1974,49 years 05 months,510000.0,49.416666666666664,615.3324188608798,5.0
2024-04,QUEENSTOWN,4 ROOM,86,DAWSON RD,10 TO 12,83.0,Premium Apartment,2016,91 years 05 months,923000.0,91.41666666666669,1033.1275771524115,11.0
2024-04,QUEENSTOWN,4 ROOM,30,GHIM MOH LINK,37 TO 39,93.0,Model A,2018,93 years 03 months,992000.0,93.25,990.9667190020964,38.0
2024-04,CENTRAL AREA,4 ROOM,233,BAIN ST,13 TO 15,82.0,Improved,1980,55 years 02 months,770000.0,55.166666666666664,872.3830491215103,14.0
2024-04,BUKIT MERAH,4 ROOM,90A,TELOK BLANGAH ST 31,13 TO 15,93.0,Model A,2018,93 years 09 months,950000.0,93.75,949.010466786282,14.0
2024-04,BUKIT MERAH,4 ROOM,90A,TELOK BLANGAH ST 31,28 TO 30,93.0,Model A,2018,93 years 09 months,970000.0,93.75,968.9896345080984,29.0
2024-04,QUEENSTOWN,4 ROOM,91,TANGLIN HALT RD,10 TO 12,90.0,Model A,2008,83 years 05 months,912000.0,83.41666666666667,941.4183830519916,11.0
2024-04,CENTRAL AREA,4 ROOM,232,BAIN ST,16 TO 18,82.0,Improved,1980,55 years 02 months,765000.0,55.166666666666664,866.7182241272149,17.0
2024-04,CENTRAL AREA,4 ROOM,663,BUFFALO RD,07 TO 09,85.0,Improved,1982,57 years 02 months,570000.0,57.166666666666664,622.9974593726416,8.0
2024-04,BUKIT MERAH,4 ROOM,127D,KIM TIAN RD,01 TO 03,88.0,Model A,2013,88 years,845000.0,,892.081190578947,2.0
2024-05,CENTRAL AREA,4 ROOM,662,BUFFALO RD,19 TO 21,85.0,Improved,1982,57 years 01 month,598880.0,57.083333333333336,654.5626639808554,20.0
2024-05,QUEENSTOWN,4 ROOM,15,GHIM MOH RD,04 TO 06,82.0,Improved,1977,51 years 09 months,550000.0,51.75,623.1307493725074,5.0
2024-05,CENTRAL AREA,4 ROOM,632,VEERASAMY RD,19 TO 21,101.0,Model A,1985,60 years 04 months,785000.0,60.333333333333336,722.068880956045,20.0
2024-05,QUEENSTOWN,4 ROOM,129,CLARENCE LANE,13 TO 15,103.0,Model A,1996,71 years 04 months,988000.0,71.33333333333333,891.1484693938758,14.0
2024-05,CENTRAL AREA,4 ROOM,1B,CANTONMENT RD,10 TO 12,93.0,Type S1,2011,85 years 09 months,1248888.0,85.75,1247.587140888196,11.0
2024-06,CENTRAL AREA,4 ROOM,26,JLN BERSEH,13 TO 15,87.0,Improved,1979,54 years 01 month,635000.0,54.083333333333336,678.0860631102707,14.0
2024-06,CENTRAL AREA,4 ROOM,1G,CANTONMENT RD,43 TO 45,94.0,Type S1,2011,85 years 08 months,1365000.0,85.66666666666667,1349.07204598191,44.0
2024-06,CENTRAL AREA,4 ROOM,634,VEERASAMY RD,10 TO 12,111.0,Model A,1985,60 years 04 months,760000.0,60.333333333333336,636.0935020621566,11.0
2024-06,QUEENSTOWN,4 ROOM,32,GHIM MOH LINK,19 TO 21,93.0,Model A,2018,93 years 01 month,1070000.0,93.08333333333331,1068.8854731171807,20.0
2024-06,BUKIT MERAH,4 ROOM,93A,TELOK BLANGAH ST 31,16 TO 18,93.0,Model A,2018,93 years 07 months,930000.0,93.58333333333331,929.0312990644657,17.0
2024-06,CENTRAL AREA,4 ROOM,671B,KLANG LANE,01 TO 03,75.0,Model A,2003,77 years 09 months,590000.0,77.75,730.8379552640462,2.0
2024-06,BUKIT MERAH,4 ROOM,105A,DEPOT RD,07 TO 09,92.0,Model A,2017,92 years 06 months,838000.0,92.5,846.226335452198,8.0
2024-06,QUEENSTOWN,4 ROOM,28B,DOVER CRES,16 TO 18,95.0,Model A,2012,86 years 10 months,880000.0,86.83333333333333,860.5763612386628,17.0
2024-06,CENTRAL AREA,4 ROOM,262,WATERLOO ST,16 TO 18,82.0,Improved,1978,53 years 04 months,660000.0,53.333333333333336,747.7568992470088,17.0
2024-06,BUKIT MERAH,4 ROOM,131C,KIM TIAN RD,19 TO 21,86.0,Model A,2002,76 years 07 months,850000.0,76.58333333333333,918.22860954046,20.0
2024-06,CENTRAL AREA,4 ROOM,53,CHIN SWEE RD,10 TO 12,77.0,Improved,1974,49 years 02 months,520000.0,49.166666666666664,627.3977604071715,11.0
2024-07,BUKIT MERAH,4 ROOM,105A,DEPOT RD,07 TO 09,92.0,Model A,2017,92 years 05 months,805000.0,92.41666666666669,812.9023866814074,8.0
2024-07,BUKIT MERAH,4 ROOM,53,HAVELOCK RD,19 TO 21,94.0,Model A,2013,87 years 11 months,1050000.0,87.91666666666667,1037.7477276783925,20.0
2024-07,CENTRAL AREA,4 ROOM,7,TG PAGAR PLAZA,04 TO 06,83.0,Improved,1980,54 years 11 months,780000.0,54.916666666666664,873.0655581569677,5.0
2024-07,QUEENSTOWN,4 ROOM,30,GHIM MOH LINK,28 TO 30,93.0,Model A,2018,93 years,1000000.0,,998.9583860908232,29.0
2024-07,BUKIT MERAH,4 ROOM,58,TELOK BLANGAH HTS,04 TO 06,91.0,New Generation,1976,51 years 03 months,560888.0,51.25,572.6181398567801,5.0
2024-07,CENTRAL AREA,4 ROOM,1E,CANTONMENT RD,37 TO 39,95.0,Type S1,2011,85 years 07 months,1400000.0,85.58333333333333,1369.0987565160544,38.0
2024-07,BUKIT MERAH,4 ROOM,75C,REDHILL RD,13 TO 15,100.0,Model A,2007,81 years 07 months,950000.0,81.58333333333333,882.5797341112423,14.0
2024-07,BUKIT MERAH,4 ROOM,90A,TELOK BLANGAH ST 31,04 TO 06,93.0,Model A,2018,93 years 06 months,900000.0,93.5,899.0625474817408,5.0
2024-07,BUKIT MERAH,4 ROOM,63B,LENGKOK BAHRU,07 TO 09,100.0,Model A,2001,76 years 05 months,883888.0,76.41666666666667,821.1596168674923,8.0
2024-07,CENTRAL AREA,4 ROOM,662,BUFFALO RD,13 TO 15,91.0,Improved,1982,56 years 10 months,602000.0,56.833333333333336,614.5899363041849,14.0
2024-07,QUEENSTOWN,4 ROOM,91,TANGLIN HALT RD,28 TO 30,90.0,Model A,2008,83 years 02 months,1001000.0,83.16666666666667,1033.2892559594775,29.0
2024-07,QUEENSTOWN,4 ROOM,91,TANGLIN HALT RD,25 TO 27,85.0,Model A,2008,83 years 02 months,925000.0,83.16666666666667,1011.0046489819184,26.0
2024-07,BUKIT MERAH,4 ROOM,27A,JLN MEMBINA,16 TO 18,90.0,Model A,2008,83 years 06 months,875000.0,83.5,903.2248740904524,17.0
2024-08,BUKIT MERAH,4 ROOM,65,TELOK BLANGAH DR,07 TO 09,92.0,New Generation,1978,53 years 01 month,618000.0,53.083333333333336,624.0666769802606,8.0
2024-08,CENTRAL AREA,4 ROOM,334,KRETA AYER RD,19 TO 21,83.0,Improved,1981,55 years 08 months,835000.0,55.666666666666664,934.6278731552152,20.0
2024-08,QUEENSTOWN,4 ROOM,15,GHIM MOH RD,10 TO 12,82.0,Improved,1977,51 years 06 months,593000.0,51.5,671.8482443234489,11.0
2024-08,CENTRAL AREA,4 ROOM,26,JLN BERSEH,07 TO 09,87.0,Improved,1979,53 years 11 months,600000.0,53.916666666666664,640.7112407341141,8.0
2024-08,CENTRAL AREA,4 ROOM,7,TG PAGAR PLAZA,25 TO 27,83.0,Improved,1980,54 years 10 months,830000.0,54.833333333333336,929.0312990644657,26.0
2024-08,QUEENSTOWN,4 ROOM,27,GHIM MOH LINK,34 TO 36,87.0,Model A,2013,87 years 09 months,937000.0,87.75,1000.5773876131084,35.0
2024-08,BUKIT MERAH,4 ROOM,106B,DEPOT RD,16 TO 18,100.0,Model A,2000,75 years,750000.0,,696.7734742983492,17.0
2024-08,BUKIT MERAH,4 ROOM,4B,BOON TIONG RD,19 TO 21,100.0,Model A,2005,80 years 03 months,988000.0,80.25,917.882923475692,20.0
2024-09,CENTRAL AREA,4 ROOM,26,JLN BERSEH,10 TO 12,87.0,Improved,1979,53 years 11 months,638888.0,53.916666666666664,682.2378719502278,11.0
2024-09,CENTRAL AREA,4 ROOM,1F,CANTONMENT RD,37 TO 39,95.0,Type S1,2011,85 years 05 months,1400000.0,85.41666666666667,1369.0987565160544,38.0
2024-09,QUEENSTOWN,4 ROOM,51,STRATHMORE AVE,01 TO 03,85.0,Model A,2006,81 years 02 months,850000.0,81.16666666666667,929.0312990644657,2.0
2024-09,CENTRAL AREA,4 ROOM,671B,KLANG LANE,01 TO 03,75.0,Model A,2003,77 years 06 months,633000.0,77.5,784.1024164104089,2.0
2024-09,CENTRAL AREA,4 ROOM,1C,CANTONMENT RD,49 TO 51,94.0,Type S1,2011,85 years 05 months,1408000.0,85.41666666666667,1391.5702862582632,50.0
2024-09,CENTRAL AREA,4 ROOM,1D,CANTONMENT RD,10 TO 12,93.0,Type S1,2011,85 years 05 months,1210000.0,85.41666666666667,1208.739647169896,11.0
2024-09,BUKIT MERAH,4 ROOM,118D,JLN MEMBINA,13 TO 15,92.0,Model A,2003,77 years 05 months,840000.0,77.41666666666667,848.2459687110338,14.0
2024-09,BUKIT MERAH,4 ROOM,104,HENDERSON CRES,07 TO 09,74.0,Standard,1970,44 years 11 months,445000.0,44.916666666666664,558.6742271401178,8.0
2024-09,QUEENSTOWN,4 ROOM,91,TANGLIN HALT RD,10 TO 12,90.0,Model A,2008,83 years,930000.0,,959.999009033281,11.0
2024-09,QUEENSTOWN,4 ROOM,31,GHIM MOH LINK,28 TO 30,93.0,Model A,2018,92 years 10 months,1033800.0,92.83333333333331,1032.7231795406929,29.0
2024-09,BUKIT MERAH,4 ROOM,95A,HENDERSON RD,04 TO 06,83.0,Model A,2019,93 years 09 months,938000.0,93.75,1049.917299424661,5.0
2024-09,BUKIT MERAH,4 ROOM,69,TELOK BLANGAH HTS,10 TO 12,91.0,New Generation,1978,52 years 05 months,620000.0,52.416666666666664,632.9663795823831,11.0
2024-09,BUKIT MERAH,4 ROOM,56,TELOK BLANGAH HTS,04 TO 06,91.0,New Generation,1976,51 years 01 month,600888.0,51.083333333333336,613.4546804749983,5.0
2024-09,BUKIT MERAH,4 ROOM,106,HENDERSON CRES,10 TO 12,81.0,Improved,1975,49 years 05 months,500000.0,49.416666666666664,573.4761105336206,11.0
2024-09,QUEENSTOWN,4 ROOM,90,TANGLIN HALT RD,40 TO 42,90.0,Model A,2008,83 years,1100000.0,,1135.482698856569,41.0
2024-10,BUKIT MERAH,4 ROOM,70B,TELOK BLANGAH HTS,01 TO 03,93.0,Model A,2017,91 years 08 months,805000.0,91.66666666666669,804.1615008031126,2.0
2024-10,BUKIT MERAH,4 ROOM,40,TELOK BLANGAH RISE,04 TO 06,82.0,Improved,1976,50 years 07 months,485000.0,50.583333333333336,549.4880244466656,5.0
2024-10,BUKIT MERAH,4 ROOM,26D,JLN MEMBINA,25 TO 27,90.0,Model A,2009,83 years 04 months,980000.0,83.33333333333333,1011.6118589813068,26.0
2024-10,QUEENSTOWN,4 ROOM,17,DOVER CRES,04 TO 06,92.0,Model A,2003,78 years,782000.0,,789.6766042047957,5.0
2024-10,BUKIT MERAH,4 ROOM,69,REDHILL CL,28 TO 30,100.0,Model A,2001,75 years 05 months,918000.0,75.41666666666667,852.8507325411795,29.0
2024-10,BUKIT MERAH,4 ROOM,9B,BOON TIONG RD,37 TO 39,92.0,Model A,2016,90 years 05 months,1320000.0,90.41666666666669,1332.9579508316244,38.0
2024-10,CENTRAL AREA,4 ROOM,1C,CANTONMENT RD,34 TO 36,93.0,Type S1,2011,85 years 04 months,1350000.0,85.33333333333333,1348.5938212226113,35.0
2024-10,CENTRAL AREA,4 ROOM,1G,CANTONMENT RD,34 TO 36,93.0,Type S1,2011,85 years 04 months,1388888.0,85.33333333333333,1387.441314940911,35.0
2024-10,QUEENSTOWN,4 ROOM,130,CLARENCE LANE,13 TO 15,104.0,Model A,1996,70 years 11 months,988000.0,70.91666666666667,882.5797341112421,14.0
2024-11,BUKIT MERAH,4 ROOM,93A,TELOK BLANGAH ST 31,25 TO 27,93.0,Model A,2018,93 years 02 months,1038000.0,93.16666666666669,1036.9188047622745,26.0
2024-11,QUEENSTOWN,4 ROOM,56,STRATHMORE AVE,07 TO 09,85.0,Model A,2002,76 years 07 months,860000.0,76.58333333333333,939.9610790534592,8.0
2024-11,QUEENSTOWN,4 ROOM,27,GHIM MOH LINK,19 TO 21,92.0,Model A,2013,87 years 06 months,958000.0,87.5,967.4043309823456,20.0
2024-11,QUEENSTOWN,4 ROOM,21,QUEEN'S CL,16 TO 18,107.0,Model A,1996,71 years 01 month,838000.0,71.08333333333333,727.5964753420767,17.0
2024-11,BUKIT MERAH,4 ROOM,13,JLN BT MERAH,10 TO 12,106.0,Model A,1996,71 years 01 month,830000.0,71.08333333333333,727.4490360599117,11.0
2024-11,QUEENSTOWN,4 ROOM,17,DOVER CRES,13 TO 15,92.0,Model A,2003,77 years 11 months,795000.0,77.91666666666667,802.8042203872284,14.0
2024-11,QUEENSTOWN,4 ROOM,89,DAWSON RD,37 TO 39,83.0,Premium Apartment,2016,90 years 06 months,1000000.0,90.5,1119.3148181499585,38.0
2024-11,TAMPINES,4 ROOM,458,TAMPINES ST 42,07 TO 09,84.0,Simplified,1988,62 years 03 months,555000.0,62.25,613.8242511675933,8.0
2024-11,CENTRAL AREA,4 ROOM,642,ROWELL RD,10 TO 12,109.0,Model A,1984,58 years 03 months,820000.0,58.25,698.9042800301485,11.0
2024-11,BUKIT MERAH,4 ROOM,96A,HENDERSON RD,04 TO 06,93.0,Model A,2019,93 years 07 months,1060000.0,93.58333333333331,1058.8958892562723,5.0
2024-11,QUEENSTOWN,4 ROOM,18A,HOLLAND DR,01 TO 03,92.0,Model A,2012,87 years,938000.0,,947.2079983939876,2.0
2024-12,BUKIT MERAH,4 ROOM,9A,BOON TIONG RD,13 TO 15,92.0,Model A,2016,90 years 02 months,1300000.0,90.16666666666669,1312.7616182432666,14.0
2024-12,BEDOK,3 ROOM,50,CHAI CHEE ST,10 TO 12,68.0,New Generation,1981,55 years 09 months,410000.0,55.75,560.1512244359277,11.0
2024-12,CENTRAL AREA,4 ROOM,1G,CANTONMENT RD,28 TO 30,94.0,Type S1,2011,85 years 02 months,1340000.0,85.16666666666667,1324.363766751472,29.0
2024-12,CENTRAL AREA,4 ROOM,1A,CANTONMENT RD,19 TO 21,96.0,Type S1,2011,85 years 02 months,1300000.0,85.16666666666667,1258.0632174831303,20.0
2024-12,CENTRAL AREA,4 ROOM,1C,CANTONMENT RD,25 TO 27,94.0,Type S1,2011,85 years 02 months,1320000.0,85.16666666666667,1304.5971433671218,26.0
2024-12,QUEENSTOWN,4 ROOM,18B,HOLLAND DR,28 TO 30,87.0,Model A,2012,86 years 11 months,1200000.0,86.91666666666667,1281.4224814682282,29.0
2024-12,CENTRAL AREA,4 ROOM,1B,CANTONMENT RD,49 TO 51,94.0,Type S1,2011,85 years 02 months,1430000.0,85.16666666666667,1413.3135719810489,50.0
2024-12,CENTRAL AREA,4 ROOM,1E,CANTONMENT RD,22 TO 24,93.0,Type S1,2011,85 years 02 months,1345000.0,85.16666666666667,1343.5990292921572,23.0
2024-12,CENTRAL AREA,4 ROOM,1C,CANTONMENT RD,16 TO 18,95.0,Type S1,2011,85 years 03 months,1303888.0,85.25,1275.1081710258609,17.0
2024-12,QUEENSTOWN,4 ROOM,30,GHIM MOH LINK,25 TO 27,93.0,Model A,2018,92 years 08 months,1000000.0,92.66666666666669,998.9583860908232,26.0
2024-12,BUKIT MERAH,4 ROOM,88,TELOK BLANGAH HTS,10 TO 12,85.0,Model A,2003,77 years 04 months,728000.0,77.33333333333333,795.6879831987422,11.0
2024-12,TAMPINES,4 ROOM,910,TAMPINES ST 91,07 TO 09,104.0,Model A,1984,59 years,658000.0,,587.7909565234792,8.0
2024-12,BUKIT MERAH,4 ROOM,80A,TELOK BLANGAH ST 31,13 TO 15,95.0,Premium Apartment,2013,87 years 09 months,995000.0,87.75,973.0380448096244,14.0
2024-12,BUKIT MERAH,4 ROOM,115,BT PURMEI RD,10 TO 12,103.0,Model A,1985,59 years 05 months,680000.0,59.416666666666664,613.3410518095501,11.0
2024-12,CENTRAL AREA,4 ROOM,1A,CANTONMENT RD,40 TO 42,93.0,Type S1,2011,85 years 03 months,1380000.0,85.25,1378.562572805336,41.0
2024-12,BUKIT MERAH,4 ROOM,3,DELTA AVE,01 TO 03,91.0,New Generation,1985,59 years 10 months,710000.0,59.833333333333336,724.8485959733741,2.0
2024-12,BUKIT MERAH,4 ROOM,59,TELOK BLANGAH HTS,04 TO 06,91.0,New Generation,1976,50 years 10 months,600000.0,50.833333333333336,612.5481092732739,5.0
2024-12,QUEENSTOWN,4 ROOM,30,GHIM MOH LINK,22 TO 24,93.0,Model A,2018,92 years 07 months,1048000.0,92.58333333333331,1046.9083886231826,23.0
2025-01,QUEENSTOWN,4 ROOM,82,STRATHMORE AVE,22 TO 24,108.0,Model A,1997,71 years 10 months,990000.0,71.83333333333333,851.6120241424268,23.0
2025-01,CENTRAL AREA,4 ROOM,1F,CANTONMENT RD,04 TO 06,94.0,Type S1,2011,85 years 02 months,1150000.0,85.16666666666667,1136.580844600144,5.0
2025-01,QUEENSTOWN,4 ROOM,31,GHIM MOH LINK,19 TO 21,93.0,Model A,2018,92 years 06 months,1060000.0,92.5,1058.8958892562723,20.0
2025-01,QUEENSTOWN,4 ROOM,62B,STRATHMORE AVE,22 TO 24,98.0,Model A,2011,85 years 08 months,1045000.0,85.66666666666667,990.6507219615984,23.0
2025-01,CENTRAL AREA,4 ROOM,232,BAIN ST,04 TO 06,82.0,Improved,1980,54 years 05 months,780000.0,54.416666666666664,883.7126991101014,5.0
2025-01,BUKIT MERAH,4 ROOM,90A,TELOK BLANGAH ST 31,19 TO 21,93.0,Model A,2018,93 years,988000.0,,986.9708854577332,20.0
2025-01,BUKIT MERAH,4 ROOM,11,CANTONMENT CL,04 TO 06,90.0,Model A,2002,77 years 01 month,915000.0,77.08333333333333,944.5151540488732,5.0
2025-01,BUKIT MERAH,4 ROOM,103A,DEPOT RD,01 TO 03,100.0,Model A,2002,76 years 05 months,650000.0,76.41666666666667,603.8703443919027,2.0
2025-01,CENTRAL AREA,4 ROOM,1F,CANTONMENT RD,40 TO 42,93.0,Type S1,2011,85 years 01 month,1400000.0,85.08333333333333,1398.5417405271523,41.0
2025-01,BUKIT MERAH,4 ROOM,111A,DEPOT RD,19 TO 21,100.0,Model A,2006,80 years 02 months,880000.0,80.16666666666667,817.5475431767297,20.0
2025-01,BUKIT MERAH,4 ROOM,9A,BOON TIONG RD,31 TO 33,92.0,Model A,2016,90 years 02 months,1250000.0,90.16666666666669,1262.2707867723716,32.0
2025-01,BUKIT MERAH,4 ROOM,8A,BOON TIONG RD,07 TO 09,100.0,Model A,2005,79 years 10 months,950000.0,79.83333333333333,882.5797341112423,8.0
2025-01,BUKIT MERAH,4 ROOM,96A,HENDERSON RD,40 TO 42,83.0,Model A,2019,93 years 05 months,1050000.0,93.41666666666669,1175.2805590574565,41.0
2025-02,BUKIT MERAH,4 ROOM,114,BT PURMEI RD,04 TO 06,103.0,Model A,1985,59 years 02 months,670000.0,59.166666666666664,604.3213304594096,5.0
2025-02,CENTRAL AREA,4 ROOM,232,BAIN ST,07 TO 09,82.0,Improved,1980,54 years 04 months,800000.0,54.333333333333336,906.3719990872836,8.0
2025-02,QUEENSTOWN,4 ROOM,129,CLARENCE LANE,01 TO 03,105.0,Model A,1996,70 years 07 months,936000.0,70.58333333333333,828.1650437374665,2.0
2025-02,BUKIT MERAH,4 ROOM,87,TELOK BLANGAH HTS,01 TO 03,92.0,Model A,2003,77 years 03 months,691500.0,77.25,698.288199242476,2.0
2025-02,BUKIT MERAH,4 ROOM,126A,KIM TIAN RD,34 TO 36,93.0,Model A,2013,87 years 02 months,1010000.0,87.16666666666667,1008.9479699517314,35.0
2025-02,BUKIT MERAH,4 ROOM,50,HOY FATT RD,01 TO 03,84.0,Simplified,1987,61 years,595000.0,,658.0638368373297,2.0
2025-03,QUEENSTOWN,4 ROOM,51,STRATHMORE AVE,10 TO 12,90.0,Model A,2006,80 years 08 months,925000.0,80.66666666666667,954.8377240384784,11.0
2025-03,BUKIT MERAH,4 ROOM,93B,TELOK BLANGAH ST 31,25 TO 27,93.0,Model A,2018,92 years 10 months,1000088.0,92.83333333333331,999.0462944287992,26.0
2025-03,CENTRAL AREA,4 ROOM,1F,CANTONMENT RD,13 TO 15,95.0,Type S1,2011,84 years 11 months,1300000.0,84.91666666666667,1271.3059881934792,14.0
2025-03,QUEENSTOWN,4 ROOM,3A,HOLLAND CL,04 TO 06,106.0,Model A,1998,72 years 09 months,920800.0,72.75,807.0302077156226,5.0
2025-03,CENTRAL AREA,4 ROOM,1G,CANTONMENT RD,22 TO 24,95.0,Type S1,2011,84 years 11 months,1300000.0,84.91666666666667,1271.3059881934792,23.0
2025-03,CENTRAL AREA,4 ROOM,1C,CANTONMENT RD,49 TO 51,94.0,Type S1,2011,85 years 02 months,1518000.0,85.16666666666667,1500.28671487219,50.0
2025-03,BEDOK,3 ROOM,102,BEDOK NTH AVE 4,10 TO 12,82.0,New Generation,1977,51 years 05 months,450000.0,51.416666666666664,509.83424948659695,11.0
2025-03,BUKIT MERAH,4 ROOM,3,DELTA AVE,04 TO 06,91.0,New Generation,1985,59 years 08 months,760000.0,59.666666666666664,775.894271746147,5.0
2025-03,CENTRAL AREA,4 ROOM,639,ROWELL RD,19 TO 21,108.0,Model A,1983,57 years 08 months,860000.0,57.666666666666664,739.7841825883708,20.0
2025-03,BEDOK,4 ROOM,769,BEDOK RESERVOIR VIEW,13 TO 15,105.0,Premium Apartment,2000,74 years 10 months,778000.0,74.83333333333333,688.3679530210992,14.0
2025-03,QUEENSTOWN,4 ROOM,78,DAWSON RD,04 TO 06,88.0,Model A,2020,94 years 08 months,1020000.0,94.66666666666669,1076.8317330065397,5.0
2025-03,BUKIT MERAH,4 ROOM,121,KIM TIAN PL,01 TO 03,90.0,Model A,2001,75 years,815000.0,,841.2894541528216,2.0
2025-03,CENTRAL AREA,4 ROOM,662,BUFFALO RD,01 TO 03,82.0,Improved,1982,56 years 03 months,526000.0,56.25,595.9395893998889,2.0
2025-04,CENTRAL AREA,4 ROOM,663,BUFFALO RD,16 TO 18,91.0,Improved,1982,56 years 02 months,585000.0,56.166666666666664,597.2344065414421,17.0
2025-04,QUEENSTOWN,4 ROOM,60,STRATHMORE AVE,25 TO 27,96.0,Model A,2000,74 years 08 months,1000000.0,74.66666666666667,967.7409365254848,26.0
2025-04,CENTRAL AREA,4 ROOM,632,VEERASAMY RD,19 TO 21,107.0,Model A,1985,59 years 05 months,890000.0,59.416666666666664,772.7456599695087,20.0
2025-04,QUEENSTOWN,4 ROOM,23,DOVER CRES,07 TO 09,88.0,Improved,1976,50 years 03 months,520000.0,50.25,548.9730403562751,8.0
2025-04,QUEENSTOWN,4 ROOM,28B,DOVER CRES,07 TO 09,95.0,Model A,2012,85 years 11 months,935000.0,85.91666666666667,914.3623838160792,8.0
2025-04,BUKIT MERAH,4 ROOM,110A,DEPOT RD,04 TO 06,92.0,Model A,2017,91 years 08 months,795000.0,91.66666666666669,802.8042203872284,5.0
2025-04,BUKIT MERAH,4 ROOM,111A,DEPOT RD,25 TO 27,100.0,Model A,2006,79 years 10 months,818888.0,79.83333333333333,760.7725824283021,26.0
2025-04,BUKIT MERAH,4 ROOM,75A,REDHILL RD,04 TO 06,100.0,Model A,2005,79 years 09 months,935000.0,79.75,868.6442646252754,5.0
2025-04,QUEENSTOWN,4 ROOM,18C,HOLLAND DR,31 TO 33,92.0,Model A,2012,86 years 06 months,1001000.0,86.5,1010.8264460473152,32.0
2025-04,BUKIT MERAH,4 ROOM,68,TELOK BLANGAH HTS,07 TO 09,91.0,New Generation,1978,51 years 10 months,610000.0,51.833333333333336,622.7572444278285,8.0
2025-04,QUEENSTOWN,4 ROOM,51,STRATHMORE AVE,19 TO 21,90.0,Model A,2006,80 years 07 months,965000.0,80.58333333333333,996.1280039968992,20.0
2025-04,CENTRAL AREA,4 ROOM,1C,CANTONMENT RD,31 TO 33,93.0,Type S1,2011,84 years 09 months,1380000.0,84.75,1378.562572805336,32.0
2025-04,CENTRAL AREA,4 ROOM,1F,CANTONMENT RD,37 TO 39,95.0,Type S1,2011,84 years 10 months,1388888.0,84.83333333333333,1358.23202410005,38.0
2025-04,CENTRAL AREA,4 ROOM,1A,CANTONMENT RD,19 TO 21,95.0,Type S1,2011,84 years 10 months,1360000.0,84.83333333333333,1329.9816491870245,20.0
2025-05,BUKIT MERAH,4 ROOM,12,CANTONMENT CL,25 TO 27,90.0,Model A,2003,76 years 09 months,1000000.0,76.75,1032.2569989605172,26.0
2025-05,BUKIT MERAH,4 ROOM,68,TELOK BLANGAH HTS,13 TO 15,91.0,New Generation,1978,51 years 09 months,648000.0,51.75,661.5519580151358,14.0
2025-05,CENTRAL AREA,4 ROOM,663,BUFFALO RD,16 TO 18,82.0,Improved,1982,56 years 01 month,595000.0,56.083333333333336,674.1141743211671,17.0
2025-05,CENTRAL AREA,4 ROOM,1C,CANTONMENT RD,43 TO 45,93.0,Type S1,2011,84 years 09 months,1415688.0,84.75,1414.2133996881453,44.0
2025-05,QUEENSTOWN,4 ROOM,53,STRATHMORE AVE,10 TO 12,83.0,Premium Apartment,2020,94 years 08 months,1058888.0,94.66666666666669,1185.2290291611732,11.0
2025-05,CENTRAL AREA,4 ROOM,1C,CANTONMENT RD,16 TO 18,96.0,Type S1,2011,84 years 09 months,1340000.0,84.75,1296.7728549441497,17.0
2025-05,QUEENSTOWN,4 ROOM,91,TANGLIN HALT RD,31 TO 33,90.0,Model A,2008,82 years 04 months,1018000.0,82.33333333333333,1050.8376249418066,32.0
2025-05,BUKIT MERAH,4 ROOM,119C,KIM TIAN RD,13 TO 15,92.0,Model A,2003,77 years 02 months,915000.0,77.16666666666667,923.982215917376,14.0
2025-05,QUEENSTOWN,4 ROOM,52,C'WEALTH DR,07 TO 09,95.0,Model A,2015,88 years 09 months,986888.0,88.75,965.1050954432972,8.0
2025-05,CENTRAL AREA,4 ROOM,1C,CANTONMENT RD,13 TO 15,93.0,Type S1,2011,84 years 09 months,1328000.0,84.75,1326.6167367286132,14.0
2025-05,QUEENSTOWN,4 ROOM,50,STRATHMORE AVE,16 TO 18,90.0,Model A,2006,80 years 04 months,938000.0,80.33333333333333,968.2570650249652,17.0
2025-05,BUKIT MERAH,4 ROOM,10B,BOON TIONG RD,16 TO 18,87.0,Model A,2016,89 years 09 months,1180000.0,89.75,1260.0654401104246,17.0
2025-05,CENTRAL AREA,4 ROOM,1A,CANTONMENT RD,34 TO 36,97.0,Type S1,2011,84 years 08 months,1430000.0,84.66666666666667,1369.602842950707,35.0
2025-06,QUEENSTOWN,4 ROOM,88,DAWSON RD,37 TO 39,83.0,Premium Apartment,2016,90 years 04 months,1138888.0,90.33333333333331,1274.77421461317,38.0
2025-06,BUKIT MERAH,4 ROOM,86,TELOK BLANGAH HTS,22 TO 24,90.0,Model A,2003,76 years 11 months,800000.0,76.91666666666667,825.8055991684138,23.0
2025-06,QUEENSTOWN,4 ROOM,18,DOVER CRES,01 TO 03,87.0,Model A,2003,77 years 05 months,735000.0,77.41666666666667,784.8712698992898,2.0
2025-06,BUKIT MERAH,4 ROOM,127A,KIM TIAN RD,22 TO 24,93.0,Model A,2013,86 years 09 months,1045000.0,86.75,1043.91151346491,23.0
2025-06,BUKIT MERAH,4 ROOM,121A,KIM TIAN PL,13 TO 15,100.0,Model A,2001,74 years 09 months,1000000.0,74.75,929.0312990644657,14.0
2025-06,CENTRAL AREA,4 ROOM,1E,CANTONMENT RD,04 TO 06,96.0,Type S1,2011,84 years 08 months,1220000.0,84.66666666666667,1180.6439425610915,5.0
2025-06,BUKIT MERAH,4 ROOM,128,KIM TIAN RD,01 TO 03,88.0,Improved,1975,48 years 08 months,540000.0,48.666666666666664,570.0873880622856,2.0
2025-06,CENTRAL AREA,4 ROOM,668,CHANDER RD,10 TO 12,103.0,Model A,1984,58 years 05 months,690000.0,58.416666666666664,622.3607731596906,11.0
2025-06,CENTRAL AREA,4 ROOM,1D,CANTONMENT RD,19 TO 21,96.0,Type S1,2011,84 years 08 months,1423888.0,84.66666666666667,1377.9547066273997,20.0
2025-06,CENTRAL AREA,4 ROOM,663,BUFFALO RD,16 TO 18,82.0,Improved,1982,56 years,570000.0,,645.7900493496895,17.0
2025-06,QUEENSTOWN,4 ROOM,89,TANGLIN HALT RD,10 TO 12,90.0,Model A,2008,82 years 03 months,985888.0,82.25,1017.6897881911864,11.0
2025-07,CENTRAL AREA,4 ROOM,1B,CANTONMENT RD,19 TO 21,95.0,Type S1,2011,84 years 07 months,1380000.0,84.58333333333333,1349.540202851539,20.0
2025-07,QUEENSTOWN,4 ROOM,86,DAWSON RD,16 TO 18,83.0,Premium Apartment,2016,90 years 02 months,955000.0,90.16666666666669,1068.9456513332104,17.0
2025-07,QUEENSTOWN,4 ROOM,88,DAWSON RD,07 TO 09,83.0,Premium Apartment,2016,90 years 02 months,985000.0,90.16666666666669,1102.5250958777092,8.0
2025-07,QUEENSTOWN,4 ROOM,28C,DOVER CRES,07 TO 09,95.0,Model A,2012,85 years 09 months,935000.0,85.75,914.3623838160792,8.0
2025-07,CENTRAL AREA,4 ROOM,1E,CANTONMENT RD,31 TO 33,93.0,Type S1,2011,84 years 06 months,1368000.0,84.5,1366.575072172246,32.0
2025-07,BUKIT MERAH,4 ROOM,25B,JLN MEMBINA,16 TO 18,90.0,Model A,2009,82 years 06 months,1000888.0,82.5,1033.1736431755942,17.0
2025-07,BUKIT MERAH,4 ROOM,127C,KIM TIAN RD,13 TO 15,93.0,Model A,2013,86 years 07 months,980000.0,86.58333333333333,978.9792183690066,14.0
2025-07,BUKIT MERAH,4 ROOM,8A,BOON TIONG RD,16 TO 18,100.0,Model A,2005,79 years 04 months,1018500.0,79.33333333333333,946.2183780971582,17.0
2025-07,CENTRAL AREA,4 ROOM,1C,CANTONMENT RD,16 TO 18,93.0,Type S1,2011,84 years 07 months,1346800.0,84.58333333333333,1345.3971543871205,17.0
2025-07,BUKIT MERAH,4 ROOM,90A,TELOK BLANGAH ST 31,25 TO 27,93.0,Model A,2018,92 years 05 months,1050000.0,92.41666666666669,1048.9063053953644,26.0
2025-07,CENTRAL AREA,4 ROOM,7,TG PAGAR PLAZA,13 TO 15,83.0,Improved,1980,53 years 10 months,808000.0,53.833333333333336,904.4063730651663,14.0
2025-07,BUKIT MERAH,4 ROOM,91A,TELOK BLANGAH ST 31,19 TO 21,93.0,Model A,2018,92 years 05 months,990000.0,92.41666666666669,988.9688022299148,20.0
2025-08,CENTRAL AREA,4 ROOM,1C,CANTONMENT RD,04 TO 06,96.0,Type S1,2011,84 years 06 months,1240000.0,84.5,1199.998761291601,5.0
2025-08,CENTRAL AREA,4 ROOM,1A,CANTONMENT RD,34 TO 36,93.0,Type S1,2011,84 years 05 months,1360000.0,84.41666666666667,1358.5834050835194,35.0
2025-08,QUEENSTOWN,4 ROOM,168A,QUEENSWAY,10 TO 12,84.0,Improved,1974,47 years 11 months,528000.0,47.916666666666664,583.9625308405211,11.0
2025-08,QUEENSTOWN,4 ROOM,17,DOVER CRES,10 TO 12,92.0,Model A,2003,77 years 02 months,880000.0,77.16666666666667,888.6386338877496,11.0
2025-08,BUKIT MERAH,4 ROOM,76A,REDHILL RD,19 TO 21,100.0,Model A,2005,79 years 05 months,1030000.0,79.41666666666667,956.9022380363996,20.0
2025-08,CENTRAL AREA,4 ROOM,8,TG PAGAR PLAZA,04 TO 06,83.0,Improved,1980,53 years 09 months,778000.0,53.75,870.8269285206677,5.0
2025-08,CENTRAL AREA,4 ROOM,671B,KLANG LANE,10 TO 12,75.0,Model A,2003,76 years 07 months,680000.0,76.58333333333333,842.321711151782,11.0
2025-08,BUKIT MERAH,4 ROOM,27A,JLN MEMBINA,04 TO 06,90.0,Model A,2008,82 years 05 months,918000.0,82.41666666666667,947.6119250457548,5.0
2025-08,BUKIT MERAH,4 ROOM,110A,DEPOT RD,07 TO 09,92.0,Model A,2017,91 years 03 months,840000.0,91.25,848.2459687110338,8.0
2025-08,CENTRAL AREA,4 ROOM,1D,CANTONMENT RD,40 TO 42,93.0,Type S1,2011,84 years 05 months,1425000.0,84.41666666666667,1423.515700179423,41.0
2025-08,TAMPINES,5 ROOM,613B,TAMPINES NTH DR 1,07 TO 09,113.0,Improved,2020,94 years 03 months,942888.0,94.25,775.1968703648635,8.0
2025-08,BUKIT MERAH,4 ROOM,8B,BOON TIONG RD,01 TO 03,100.0,Model A,2005,79 years 02 months,938888.0,79.16666666666667,872.256338316038,2.0
2025-09,CENTRAL AREA,4 ROOM,1B,CANTONMENT RD,22 TO 24,93.0,Type S1,2011,84 years 05 months,1450000.0,84.41666666666667,1448.4896598316936,23.0
2025-09,CENTRAL AREA,4 ROOM,1C,CANTONMENT RD,22 TO 24,93.0,Type S1,2011,84 years 04 months,1370000.0,84.33333333333333,1368.5729889444276,23.0
2025-09,CENTRAL AREA,4 ROOM,1D,CANTONMENT RD,22 TO 24,96.0,Type S1,2011,84 years 05 months,1300000.0,84.41666666666667,1258.0632174831303,23.0
2025-09,CENTRAL AREA,4 ROOM,1E,CANTONMENT RD,46 TO 48,93.0,Type S1,2011,84 years 04 months,1490000.0,84.33333333333333,1488.4479952753263,47.0
2025-09,CENTRAL AREA,4 ROOM,642,ROWELL RD,10 TO 12,109.0,Model A,1984,57 years 04 months,800000.0,57.333333333333336,681.8578341757545,11.0
2025-09,CENTRAL AREA,4 ROOM,233,BAIN ST,10 TO 12,82.0,Improved,1980,53 years 08 months,828000.0,53.666666666666664,938.0950190553384,11.0
2025-09,CENTRAL AREA,4 ROOM,672B,KLANG LANE,01 TO 03,85.0,Model A,2002,75 years 11 months,660000.0,75.91666666666667,721.365479273585,2.0
2025-09,CENTRAL AREA,4 ROOM,1G,CANTONMENT RD,31 TO 33,93.0,Type S1,2011,84 years 05 months,1395000.0,84.41666666666667,1393.5469485966985,32.0
2025-09,QUEENSTOWN,4 ROOM,3,HOLLAND CL,16 TO 18,105.0,Model A,1998,72 years 02 months,1106000.0,72.16666666666667,978.5796350145704,17.0
2025-10,BUKIT MERAH,4 ROOM,88,TELOK BLANGAH HTS,10 TO 12,90.0,Model A,2003,76 years 06 months,803000.0,76.5,828.9023701652953,11.0
2025-10,BUKIT MERAH,4 ROOM,64,TELOK BLANGAH DR,10 TO 12,92.0,New Generation,1978,51 years 09 months,630000.0,51.75,636.1844765332753,11.0
2025-10,QUEENSTOWN,4 ROOM,23,GHIM MOH LINK,22 TO 24,92.0,Model A,2013,86 years 07 months,998000.0,86.58333333333333,1007.7969961590616,23.0
2025-10,QUEENSTOWN,4 ROOM,48,STRATHMORE AVE,25 TO 27,90.0,Model A,2006,80 years 02 months,975000.0,80.16666666666667,1006.4505739865044,26.0
2025-10,CENTRAL AREA,4 ROOM,1C,CANTONMENT RD,43 TO 45,93.0,Type S1,2011,84 years 04 months,1480000.0,84.33333333333333,1478.4584114144182,44.0
2025-10,BUKIT MERAH,4 ROOM,6B,BOON TIONG RD,07 TO 09,100.0,Model A,2005,79 years 01 month,1068000.0,79.08333333333333,992.2054274008492,8.0
2025-11,CENTRAL AREA,4 ROOM,26,JLN BERSEH,04 TO 06,87.0,Improved,1979,52 years 08 months,610000.0,52.666666666666664,651.389761413016,5.0
2025-11,QUEENSTOWN,4 ROOM,18,DOVER CRES,04 TO 06,92.0,Model A,2003,76 years 11 months,815000.0,76.91666666666667,823.0005529755863,5.0
2025-11,QUEENSTOWN,4 ROOM,88,DAWSON RD,43 TO 45,83.0,Premium Apartment,2016,89 years 10 months,1180000.0,89.83333333333333,1320.791485416951,44.0
2025-11,QUEENSTOWN,4 ROOM,81,STRATHMORE AVE,04 TO 06,105.0,Model A,1993,66 years 08 months,962500.0,66.66666666666667,851.6120241424268,5.0
2025-11,QUEENSTOWN,4 ROOM,55,STRATHMORE AVE,10 TO 12,95.0,Model A,2002,75 years 07 months,890000.0,75.58333333333333,870.3556380709203,11.0
2025-11,QUEENSTOWN,4 ROOM,87,DAWSON RD,46 TO 48,83.0,Premium Apartment,2016,89 years 10 months,1220000.0,89.83333333333333,1365.5640781429493,47.0
2025-12,QUEENSTOWN,4 ROOM,90,TANGLIN HALT RD,04 TO 06,90.0,Model A,2008,81 years 09 months,908000.0,81.75,937.2893550561496,5.0
2025-12,TAMPINES,5 ROOM,815,TAMPINES AVE 4,13 TO 15,124.0,Improved,1985,58 years 03 months,805000.0,58.25,603.1211256023345,14.0
2025-12,QUEENSTOWN,4 ROOM,23,GHIM MOH LINK,25 TO 27,92.0,Model A,2013,86 years 05 months,1000000.0,86.41666666666667,1009.8166294178972,26.0
2025-12,BUKIT MERAH,4 ROOM,25B,JLN MEMBINA,22 TO 24,90.0,Model A,2009,82 years 02 months,1020000.0,82.16666666666667,1052.9021389397276,23.0
2025-12,CENTRAL AREA,4 ROOM,334,KRETA AYER RD,19 TO 21,83.0,Improved,1981,54 years 04 months,788000.0,54.333333333333336,882.0200767021672,20.0
2025-12,QUEENSTOWN,4 ROOM,23,GHIM MOH LINK,22 TO 24,92.0,Model A,2013,86 years 05 months,930000.0,86.41666666666667,939.1294653586446,23.0
2025-12,QUEENSTOWN,4 ROOM,28,GHIM MOH LINK,22 TO 24,92.0,Model A,2013,86 years 05 months,1020000.0,86.41666666666667,1030.0129620062553,23.0
2025-12,CENTRAL AREA,4 ROOM,635,VEERASAMY RD,04 TO 06,109.0,Model A,1985,58 years 08 months,800000.0,58.666666666666664,681.8578341757545,5.0
2025-12,TAMPINES,5 ROOM,522B,TAMPINES CTRL 7,10 TO 12,113.0,Improved,2015,88 years 09 months,970000.0,88.75,797.487044329674,11.0
2025-12,QUEENSTOWN,4 ROOM,18B,HOLLAND DR,01 TO 03,87.0,Model A,2012,85 years 10 months,1018000.0,85.83333333333333,1087.0734051122135,2.0
2025-12,BUKIT MERAH,4 ROOM,90B,TELOK BLANGAH ST 31,16 TO 18,93.0,Model A,2018,92 years,995000.0,,993.963594160369,17.0
2025-12,QUEENSTOWN,4 ROOM,90,DAWSON RD,13 TO 15,95.0,Premium Apartment Loft,2016,89 years 05 months,1250000.0,89.41666666666667,1222.4096040321915,14.0
2025-12,CENTRAL AREA,4 ROOM,1D,CANTONMENT RD,37 TO 39,95.0,Type S1,2011,84 years 02 months,1430000.0,84.16666666666667,1398.4365870128272,38.0
2025-12,QUEENSTOWN,4 ROOM,88,DAWSON RD,04 TO 06,83.0,Premium Apartment,2016,89 years 09 months,795000.0,89.75,889.855280429217,5.0
2025-12,QUEENSTOWN,4 ROOM,61B,STRATHMORE AVE,16 TO 18,97.0,Model A,2011,84 years 08 months,1020000.0,84.66666666666667,976.9195103564484,17.0
2025-12,BUKIT MERAH,4 ROOM,121,KIM TIAN PL,22 TO 24,100.0,Model A,2001,74 years 03 months,1008000.0,74.25,936.4635494569814,23.0
2025-12,CENTRAL AREA,4 ROOM,672B,KLANG LANE,10 TO 12,85.0,Model A,2002,75 years 08 months,705000.0,75.66666666666667,770.5494892240567,11.0
2025-12,QUEENSTOWN,4 ROOM,49,STRATHMORE AVE,25 TO 27,90.0,Model A,2006,79 years 08 months,988000.0,79.66666666666667,1019.8699149729912,26.0
2026-01,QUEENSTOWN,4 ROOM,90,TANGLIN HALT RD,31 TO 33,90.0,Model A,2008,81 years 08 months,1050000.0,81.66666666666667,1083.8698489085432,32.0
2026-01,QUEENSTOWN,4 ROOM,90,DAWSON RD,19 TO 21,83.0,Premium Apartment,2016,89 years 05 months,1112100.0,89.41666666666667,1244.7900092645689,20.0
2026-01,BUKIT MERAH,4 ROOM,2A,BOON TIONG RD,13 TO 15,100.0,Model A,2001,74 years 01 month,1150000.0,74.08333333333333,1068.3859939241354,14.0
2026-01,CENTRAL AREA,4 ROOM,634,VEERASAMY RD,13 TO 15,111.0,Model A,1985,58 years 09 months,802000.0,58.75,671.2460377024337,14.0
2026-01,QUEENSTOWN,4 ROOM,87,DAWSON RD,10 TO 12,83.0,Premium Apartment,2016,89 years 08 months,1010000.0,89.66666666666667,1130.507966331458,11.0
2026-01,QUEENSTOWN,4 ROOM,86,DAWSON RD,43 TO 45,83.0,Premium Apartment,2016,89 years 07 months,1215000.0,89.58333333333333,1359.9675040521995,44.0
2026-01,CENTRAL AREA,4 ROOM,637,VEERASAMY RD,04 TO 06,103.0,Model A,1985,58 years 05 months,785000.0,58.416666666666664,708.0481259860247,5.0
2026-01,CENTRAL AREA,4 ROOM,7,TG PAGAR PLAZA,19 TO 21,83.0,Improved,1980,53 years 05 months,828000.0,53.416666666666664,926.7926694281656,20.0
2026-01,CENTRAL AREA,4 ROOM,662,BUFFALO RD,22 TO 24,82.0,Improved,1982,55 years 05 months,585000.0,55.416666666666664,662.7845243325761,23.0
2026-01,CENTRAL AREA,4 ROOM,233,BAIN ST,07 TO 09,82.0,Improved,1980,53 years 05 months,750000.0,53.416666666666664,849.7237491443283,8.0
2026-01,CENTRAL AREA,4 ROOM,1G,CANTONMENT RD,40 TO 42,93.0,Type S1,2011,84 years,1350000.0,,1348.5938212226113,41.0
2026-01,CENTRAL AREA,4 ROOM,662,BUFFALO RD,19 TO 21,91.0,Improved,1982,55 years 05 months,615000.0,55.416666666666664,627.8618120051058,20.0
2026-01,QUEENSTOWN,4 ROOM,33,GHIM MOH LINK,31 TO 33,93.0,Model A,2018,91 years 06 months,1180000.0,91.5,1178.7708955871713,32.0
2026-01,CENTRAL AREA,4 ROOM,26,JLN BERSEH,10 TO 12,87.0,Improved,1979,52 years 05 months,655888.0,52.416666666666664,700.3913571043611,11.0
2026-02,QUEENSTOWN,4 ROOM,86,DAWSON RD,04 TO 06,87.0,Premium Apartment,2016,89 years 06 months,1015000.0,89.5,1083.8698489085432,5.0
2026-02,QUEENSTOWN,4 ROOM,91,DAWSON RD,16 TO 18,83.0,Premium Apartment,2016,89 years 03 months,1070000.0,89.25,1197.6668554204557,17.0
2026-02,QUEENSTOWN,4 ROOM,53,C'WEALTH DR,01 TO 03,88.0,Model A,2015,88 years 01 month,950000.0,88.08333333333333,1002.9315160355026,2.0
2026-02,CENTRAL AREA,4 ROOM,8,JLN KUKOH,16 TO 18,107.0,Adjoined flat,1971,44 years 05 months,688888.0,44.416666666666664,598.1294519158145,17.0
2026-02,CENTRAL AREA,4 ROOM,1G,CANTONMENT RD,28 TO 30,95.0,Type S1,2011,84 years,1350000.0,,1320.2023723547668,29.0
2026-02,QUEENSTOWN,4 ROOM,23,GHIM MOH LINK,22 TO 24,93.0,Model A,2013,86 years 02 months,1068000.0,86.16666666666667,1066.8875563449992,23.0
2026-02,BUKIT MERAH,4 ROOM,5,DELTA AVE,13 TO 15,92.0,New Generation,1985,58 years 09 months,794888.0,58.75,802.6911209247336,14.0
2026-02,BUKIT MERAH,4 ROOM,63B,LENGKOK BAHRU,10 TO 12,90.0,Model A,2001,74 years 09 months,880000.0,74.75,908.3861590852551,11.0
2026-02,QUEENSTOWN,4 ROOM,31,GHIM MOH LINK,10 TO 12,93.0,Model A,2018,91 years 04 months,1050000.0,91.33333333333331,1048.9063053953644,11.0
2026-02,BUKIT MERAH,4 ROOM,80A,TELOK BLANGAH ST 31,25 TO 27,95.0,Premium Apartment,2013,86 years 07 months,1138000.0,86.58333333333333,1112.881703510907,26.0
2026-03,QUEENSTOWN,4 ROOM,19,DOVER CRES,10 TO 12,92.0,Model A,2003,76 years 06 months,825000.0,76.5,833.0987192697653,11.0
2026-03,BUKIT MERAH,4 ROOM,14A,TELOK BLANGAH CRES,13 TO 15,101.0,Model A,1999,72 years 08 months,825000.0,72.66666666666667,758.8621997308752,14.0
2026-03,QUEENSTOWN,4 ROOM,18,DOVER CRES,04 TO 06,87.0,Model A,2003,76 years 07 months,790000.0,76.58333333333333,843.6031336332503,5.0
2026-03,BUKIT MERAH,4 ROOM,110A,DEPOT RD,10 TO 12,92.0,Model A,2017,90 years 09 months,870000.0,90.75,878.5404675935707,11.0
2026-03,CENTRAL AREA,4 ROOM,232,BAIN ST,16 TO 18,82.0,Improved,1980,53 years 02 months,783000.0,53.166666666666664,887.1115941066787,17.0
2026-03,QUEENSTOWN,4 ROOM,91,TANGLIN HALT RD,07 TO 09,90.0,Model A,2008,81 years 06 months,971888.0,81.5,1003.2381902057392,8.0
2026-03,QUEENSTOWN,4 ROOM,88,DAWSON RD,07 TO 09,83.0,Premium Apartment,2016,89 years 06 months,1016888.0,89.5,1138.217806798875,8.0
2026-03,QUEENSTOWN,4 ROOM,91,TANGLIN HALT RD,25 TO 27,90.0,Model A,2008,81 years 06 months,1013668.0,81.5,1046.3658876223096,26.0
2026-03,QUEENSTOWN,4 ROOM,5,DOVER CRES,10 TO 12,94.0,New Generation,1979,52 years 09 months,610000.0,52.75,602.882013222685,11.0
2026-03,QUEENSTOWN,4 ROOM,94,DAWSON RD,10 TO 12,88.0,Premium Apartment,2021,94 years 08 months,1230000.0,94.66666666666669,1298.5323839196508,11.0
2026-03,QUEENSTOWN,4 ROOM,48,STRATHMORE AVE,19 TO 21,90.0,Model A,2006,79 years 10 months,980000.0,79.83333333333333,1011.6118589813068,20.0
2026-03,CENTRAL AREA,4 ROOM,1D,CANTONMENT RD,37 TO 39,95.0,Type S1,2011,83 years 10 months,1280000.0,83.83333333333333,1251.747434528964,38.0
2026-03,QUEENSTOWN,4 ROOM,4,HOLLAND CL,10 TO 12,88.0,Improved,1974,47 years 03 months,650000.0,47.25,686.2163004453439,11.0
2026-04,QUEENSTOWN,4 ROOM,94,DAWSON RD,19 TO 21,83.0,Premium Apartment,2021,94 years 06 months,1068000.0,94.5,1195.4282257841555,20.0
2026-04,BUKIT MERAH,4 ROOM,113,BT PURMEI RD,13 TO 15,103.0,Model A,1984,57 years 07 months,645000.0,57.583333333333336,581.7720270840585,14.0
2026-04,CENTRAL AREA,4 ROOM,1D,CANTONMENT RD,04 TO 06,94.0,Type S1,2011,83 years 10 months,1180000.0,83.83333333333333,1166.2307796766695,5.0
2026-04,QUEENSTOWN,4 ROOM,91,TANGLIN HALT RD,04 TO 06,90.0,Model A,2008,81 years 04 months,958000.0,81.33333333333333,988.9022050041756,5.0
2026-04,CENTRAL AREA,4 ROOM,1G,CANTONMENT RD,13 TO 15,95.0,Type S1,2011,83 years 10 months,1188888.0,83.83333333333333,1162.6464874548992,14.0
2026-04,CENTRAL AREA,4 ROOM,1A,CANTONMENT RD,04 TO 06,94.0,Type S1,2011,83 years 10 months,1200000.0,83.83333333333333,1185.9974030610197,5.0
2026-04,QUEENSTOWN,4 ROOM,18D,HOLLAND DR,22 TO 24,87.0,Model A,2012,85 years 05 months,1015000.0,85.41666666666667,1083.8698489085432,23.0
2026-04,BUKIT MERAH,4 ROOM,118A,JLN MEMBINA,19 TO 21,91.0,Model A,2003,75 years 09 months,915000.0,75.75,934.1358666417428,20.0
2026-04,QUEENSTOWN,4 ROOM,29,GHIM MOH LINK,13 TO 15,93.0,Model A,2018,91 years 02 months,1038888.0,91.16666666666669,1037.805879809123,14.0
2026-04,BUKIT MERAH,4 ROOM,119D,KIM TIAN RD,01 TO 03,92.0,Model A,2002,75 years 07 months,872000.0,75.58333333333333,880.5601008524064,2.0
2026-04,QUEENSTOWN,4 ROOM,53,C'WEALTH DR,28 TO 30,96.0,Model A,2015,87 years 11 months,1180000.0,87.91666666666667,1141.9343051000722,29.0
2026-04,BUKIT MERAH,4 ROOM,124B,BT MERAH VIEW,16 TO 18,107.0,Model A,1996,69 years 06 months,903000.0,69.5,784.0329561263667,17.0
2026-04,BUKIT MERAH,4 ROOM,110A,DEPOT RD,07 TO 09,92.0,Model A,2017,90 years 08 months,840000.0,90.66666666666669,848.2459687110338,8.0
2026-05,CENTRAL AREA,4 ROOM,1C,CANTONMENT RD,10 TO 12,94.0,Type S1,2011,83 years 09 months,1175000.0,83.75,1161.289123830582,11.0
2026-05,CENTRAL AREA,4 ROOM,269B,QUEEN ST,04 TO 06,92.0,New Generation,1984,57 years 02 months,790000.0,57.166666666666664,797.7551372401389,5.0
2026-05,BUKIT MERAH,4 ROOM,9A,BOON TIONG RD,01 TO 03,92.0,Model A,2016,88 years 08 months,1000000.0,88.66666666666667,1009.8166294178972,2.0
2026-05,CENTRAL AREA,4 ROOM,1E,CANTONMENT RD,31 TO 33,94.0,Type S1,2011,83 years 09 months,1438888.0,83.75,1422.0978594130538,32.0
2026-05,QUEENSTOWN,4 ROOM,129,CLARENCE LANE,16 TO 18,104.0,Model A,1996,69 years 03 months,950000.0,69.25,848.6343597223482,17.0
2026-05,BEDOK,4 ROOM,182,BEDOK NTH RD,01 TO 03,92.0,Model A,2006,78 years 10 months,720000.0,78.83333333333333,727.067973180886,2.0
2026-05,BUKIT MERAH,4 ROOM,69,TELOK BLANGAH HTS,13 TO 15,91.0,New Generation,1978,50 years 08 months,653000.0,50.666666666666664,666.6565255924131,14.0
2026-05,BUKIT MERAH,4 ROOM,27,TELOK BLANGAH WAY,04 TO 06,82.0,Improved,1976,49 years,482000.0,,546.0891294500883,5.0
2026-05,CENTRAL AREA,4 ROOM,1C,CANTONMENT RD,40 TO 42,96.0,Type S1,2011,83 years 08 months,1550000.0,83.66666666666667,1499.9984516145016,41.0
2026-05,QUEENSTOWN,4 ROOM,29,GHIM MOH LINK,16 TO 18,93.0,Model A,2018,91 years 02 months,1070000.0,91.16666666666669,1068.8854731171807,17.0
2026-05,CENTRAL AREA,4 ROOM,1B,CANTONMENT RD,43 TO 45,95.0,Type S1,2011,83 years 08 months,1460000.0,83.66666666666667,1427.7744175095995,44.0
2026-05,BUKIT MERAH,4 ROOM,50,MOH GUAN TER,01 TO 03,150.0,Adjoined flat,1973,45 years 09 months,1530000.0,45.75,947.6119250457548,2.0
2026-05,QUEENSTOWN,4 ROOM,52,STRATHMORE AVE,31 TO 33,90.0,Model A,2006,79 years 08 months,980000.0,79.66666666666667,1011.6118589813068,32.0
2026-05,BUKIT MERAH,4 ROOM,21,JLN MEMBINA,22 TO 24,90.0,Model A,2003,76 years 04 months,1020000.0,76.33333333333333,1052.9021389397276,23.0
2026-05,CENTRAL AREA,4 ROOM,233,BAIN ST,22 TO 24,82.0,Improved,1980,53 years,980000.0,,1110.3056988819224,23.0
2026-05,QUEENSTOWN,4 ROOM,89,TANGLIN HALT RD,10 TO 12,85.0,Model A,2008,81 years 04 months,888000.0,81.33333333333333,970.5644630226416,11.0
2026-05,QUEENSTOWN,4 ROOM,62B,STRATHMORE AVE,19 TO 21,93.0,Model A,2011,84 years 04 months,1006888.0,84.33333333333333,1005.8392114542168,20.0
2026-05,CENTRAL AREA,4 ROOM,1E,CANTONMENT RD,22 TO 24,96.0,Type S1,2011,83 years 09 months,1350000.0,83.75,1306.4502643094047,23.0
2026-05,BUKIT MERAH,4 ROOM,70C,TELOK BLANGAH HTS,16 TO 18,93.0,Model A,2017,90 years 01 month,968000.0,90.08333333333331,966.9917177359168,17.0
2026-05,CENTRAL AREA,4 ROOM,334,KRETA AYER RD,16 TO 18,83.0,Improved,1981,53 years 11 months,780000.0,53.916666666666664,873.0655581569677,17.0
2026-05,BUKIT MERAH,4 ROOM,92B,TELOK BLANGAH ST 31,04 TO 06,93.0,Model A,2018,91 years 07 months,880000.0,91.58333333333331,879.0833797599244,5.0
2026-06,CENTRAL AREA,4 ROOM,8,TG PAGAR PLAZA,10 TO 12,83.0,Improved,1980,52 years 11 months,810000.0,52.916666666666664,906.6450027014664,11.0
2026-06,CENTRAL AREA,4 ROOM,1A,CANTONMENT RD,46 TO 48,97.0,Type S1,2011,83 years 08 months,1500000.0,83.66666666666667,1436.646338759483,47.0
2026-06,BUKIT MERAH,4 ROOM,34,TELOK BLANGAH WAY,10 TO 12,82.0,Improved,1976,48 years 11 months,550000.0,48.916666666666664,623.1307493725074,11.0
2026-06,BEDOK,4 ROOM,718,BEDOK RESERVOIR RD,10 TO 12,104.0,Model A,1984,56 years 08 months,585000.0,56.666666666666664,522.5801057237618,11.0
2026-06,CENTRAL AREA,4 ROOM,672B,KLANG LANE,04 TO 06,85.0,Model A,2002,75 years 02 months,655000.0,75.16666666666667,715.9005892790882,5.0
2026-06,BUKIT MERAH,4 ROOM,75B,REDHILL RD,28 TO 30,100.0,Model A,2005,78 years 07 months,1150000.0,78.58333333333333,1068.3859939241354,29.0
2026-06,QUEENSTOWN,4 ROOM,87,DAWSON RD,10 TO 12,87.0,Premium Apartment,2016,89 years 03 months,1053888.0,89.25,1125.3964801246568,11.0
2026-06,CENTRAL AREA,4 ROOM,1D,CANTONMENT RD,16 TO 18,93.0,Type S1,2011,83 years 08 months,1200000.0,83.66666666666667,1198.7500633089878,17.0
2026-06,QUEENSTOWN,4 ROOM,86,DAWSON RD,37 TO 39,83.0,Premium Apartment,2016,89 years 02 months,1180000.0,89.16666666666667,1320.791485416951,38.0
2026-06,QUEENSTOWN,4 ROOM,51,STRATHMORE AVE,01 TO 03,90.0,Model A,2006,79 years 05 months,785000.0,79.41666666666667,810.321744184006,2.0
2026-06,QUEENSTOWN,4 ROOM,94,DAWSON RD,28 TO 30,91.0,Premium Apartment,2021,94 years 05 months,1230000.0,94.41666666666669,1255.7236240102116,29.0
2026-06,CENTRAL AREA,4 ROOM,1D,CANTONMENT RD,28 TO 30,95.0,Type S1,2011,83 years 07 months,1468000.0,83.58333333333333,1435.5978389754057,29.0
2026-06,BUKIT MERAH,4 ROOM,106A,DEPOT RD,25 TO 27,100.0,Model A,2000,73 years 02 months,788000.0,73.16666666666667,732.0766636627989,26.0
2026-06,CENTRAL AREA,4 ROOM,632,VEERASAMY RD,10 TO 12,109.0,Model A,1985,58 years 02 months,780000.0,58.166666666666664,664.8113883213607,11.0
2026-06,BUKIT MERAH,4 ROOM,4B,BOON TIONG RD,01 TO 03,100.0,Model A,2005,78 years 05 months,900000.0,78.41666666666667,836.128169158019,2.0
2026-07,BUKIT MERAH,4 ROOM,106,HENDERSON CRES,01 TO 03,81.0,Improved,1975,47 years 07 months,508000.0,47.583333333333336,582.6517283021586,2.0
2026-07,QUEENSTOWN,4 ROOM,23,GHIM MOH LINK,04 TO 06,92.0,Model A,2013,85 years 10 months,915000.0,85.83333333333333,923.982215917376,5.0
2026-07,BUKIT MERAH,4 ROOM,120,KIM TIAN PL,01 TO 03,90.0,Model A,2001,73 years 08 months,850000.0,73.66666666666667,877.4184491164397,2.0
2026-07,QUEENSTOWN,4 ROOM,93,DAWSON RD,22 TO 24,97.0,Premium Apartment Loft,2016,88 years 10 months,1288888.0,88.83333333333333,1234.4508175140215,23.0
2026-07,QUEENSTOWN,4 ROOM,9,HOLLAND AVE,07 TO 09,86.0,Improved,1974,46 years 11 months,655000.0,46.916666666666664,707.5761638223546,8.0
2026-07,BUKIT MERAH,4 ROOM,119D,KIM TIAN RD,16 TO 18,92.0,Model A,2002,75 years 04 months,960000.0,75.33333333333333,969.4239642411816,17.0
2026-07,BUKIT MERAH,4 ROOM,139,JLN BT MERAH,13 TO 15,106.0,Model A,1997,69 years 07 months,848000.0,69.58333333333333,743.2250392515725,14.0
2026-07,BUKIT MERAH,4 ROOM,93A,TELOK BLANGAH ST 31,07 TO 09,93.0,Model A,2018,91 years 06 months,935000.0,91.5,934.0260909949196,8.0
2026-07,QUEENSTOWN,4 ROOM,91,TANGLIN HALT RD,22 TO 24,90.0,Model A,2008,81 years 02 months,1080000.0,81.16666666666667,1114.8375588773586,23.0
2026-07,BUKIT MERAH,4 ROOM,90A,TELOK BLANGAH ST 31,13 TO 15,93.0,Model A,2018,91 years 06 months,948000.0,91.5,947.0125500141004,14.0
2026-07,CENTRAL AREA,4 ROOM,1E,CANTONMENT RD,07 TO 09,95.0,Type S1,2011,83 years 07 months,1240000.0,83.58333333333333,1212.630327199934,8.0
